Email Address,Name,Personal Email,Phone,10th Percentage,12th Percentage,Internship Done,Internship Stipend,Gender,Passing Year,Project Description,GitHub,LinkedIn,Resume Link,CGPA,Project Score,API Response,Score,Rank
22303401@kiit.ac.in,Aarav Patel,aarav.patel@gmail.com,9876543301,92,93,TRUE,18000,Male,2024,"Developed a mobile app for local event management using Flutter. The app includes event listings, ticket booking, and notifications.",TRUE,TRUE,http://example.com/aarav_resume,8.8,8,"I would rate this project description an 8 out of 10.

Here's why:

* The project is clearly defined with a specific domain (local event management) and technology stack (Flutter).
* The app features are listed concisely: event listings, ticket booking, and notifications.
* It suggests that the app has some core functionalities which is good to know.

However, I wouldn't rate it a perfect 10 because:

* There's no mention of any innovative or unique aspects of the project. It seems like a standard, run-of-the-mill mobile app development project.
* The description doesn't provide any context about the target audience, competition, or potential impact.
* There's no hint at any machine learning, AI, IoT, or other advanced technology integrations.

Overall, it's a solid start for a project proposal, but could be more compelling and informative with some additional details.",72.6,1
22303430@kiit.ac.in,Sanya Kumar,sanya.kumar@gmail.com,9876543329,89,90,TRUE,15000,Female,2024,Developed a smart home system using IoT and Raspberry Pi. It controls home appliances and monitors energy usage remotely.,TRUE,TRUE,http://example.com/sanya_resume,8.2,8,"I'd rate this project description an 8 out of 10. Here's why:

Strengths:

* The project uses interesting technologies (IoT, Raspberry Pi) that are currently in vogue.
* The application domain (smart home) is relevant and appealing to a wide audience.
* The description mentions a useful feature (remotely monitoring energy usage).

Weaknesses:

* The description is quite brief and lacks context. What's the scope of the project? How many appliances can be controlled? Are there any advanced features like voice control or automation?
* There's no mention of how the system was implemented, maintained, or tested. This makes it difficult to assess the complexity and feasibility of the project.
* The description doesn't provide a clear impact or benefit of the project. Why is this smart home system better than existing solutions?

To improve the rating to 10 out of 10, I'd suggest adding more details about:

* The specific features and capabilities of the smart home system
* The technical challenges overcome during development
* Any notable achievements or accomplishments (e.g., energy savings, user satisfaction)
* A clear explanation of how this project contributes to the field of IoT or smart homes.",68.55,2
22303429@kiit.ac.in,Arjun Sharma,arjun.sharma@gmail.com,9876543328,82,83,TRUE,13000,Male,2024,"Engineered an online education platform using Angular and Node.js. It supports video lectures, quizzes, and student progress tracking.",TRUE,TRUE,http://example.com/arjun_resume,7.7,8,"I would rate this project description as an 8 out of 10.

Here's why:

**Strengths:**

* The project is clearly focused on a specific domain (online education), which suggests a good understanding of the requirements.
* It mentions specific technologies used (Angular and Node.js), which gives an idea of the technical stack involved.
* The features mentioned (video lectures, quizzes, student progress tracking) are relevant to the online education platform.

**Weaknesses:**

* The description lacks context. What is the size of the project? Who is the target audience? Is this a solo effort or a team project?
* It doesn't provide any information about the scalability, maintainability, or performance considerations.
* There's no mention of user experience (UX) or user interface (UI) design, which might be important aspects of an online education platform.

To take it to a 9 or 10 out of 10, I would suggest adding more context and details about the project. For example:

* What are the unique features or innovations in this project?
* How does the platform support student engagement and retention?
* Are there any integrations with other systems (e.g., payment gateways, CRM)?
* What is the expected user base and usage patterns?

However, overall, an 8 out of 10 is a good starting point for showcasing your project to potential investors, employers, or collaborators.",64.65,3
yara.rodriguez@example.com,Yara Rodriguez,yara.rodriguez@gmail.com,9876543234,90,91,TRUE,18000,Female,2024,Created a virtual reality experience.,TRUE,FALSE,http://example.com/yara_resume,8.9,4,"I'd rate this project description a 4 out of 10.

Here's why:

* It lacks specific details about what the VR experience entails, such as its theme, purpose, or target audience.
* There's no indication of what was achieved in terms of technical skills, tools used, or any notable challenges overcome during development.
* The project description is quite brief and doesn't provide much context for someone who might be interested in learning more about the project.

To make it a 9 or 10 out of 10, I would suggest adding more details such as:

* What type of VR experience was created (e.g. educational, gaming, immersive art)?
* What tools and technologies were used to develop the VR experience?
* What were some notable features or achievements of the project?
* Who was the target audience for this VR experience?

Here's an example of a more detailed project description:

""Developed an interactive VR art gallery that simulates an immersive museum experience. Utilized Unity and Oculus tools to create a 360-degree environment featuring 10 original artworks. Implemented user-controlled navigation, spatial audio effects, and dynamic lighting effects to enhance the overall visitor experience.""",63.4,4
22303431@kiit.ac.in,Amit Singh,amit.singh@gmail.com,9876543330,76,77,TRUE,11000,Male,2024,"Created a personal budget tracker app using Kotlin and SQLite. It tracks expenses, generates reports, and sets financial goals.",TRUE,FALSE,http://example.com/amit_resume,7,8,"I would rate this project description an 8 out of 10.

Here's why:

* The project has a clear goal (personal budget tracking) and a specific set of features (tracking expenses, generating reports, setting financial goals).
* The technology stack is mentioned (Kotlin and SQLite), which gives some insight into the development tools used.
* The description provides a good overview of what the app can do.

However, I wouldn't give it a 10 out of 10 because:

* It lacks some context about the project's scope and complexity. How many features are implemented? What is the app's user interface like?
* There's no information about the project's novelty or originality. Is this just another budget tracker app, or does it have some unique features?
* The description doesn't provide any insight into the challenges faced during development or what was learned from working on the project.

Overall, a solid 8 out of 10. With a bit more detail and context, it could be even more compelling!",55.55,5
xander.hernandez@example.com,Xander Hernandez,xander.hernandez@gmail.com,9876543233,77,79,FALSE,0,Male,2024,Developed an online quiz platform.,FALSE,TRUE,http://example.com/xander_resume,7.3,4,"I would rate this project description a 4 out of 10.

Here's why:

* The description is very brief and lacks context.
* It doesn't mention any specific features or functionalities of the platform.
* There's no indication of the technology stack used to build it (e.g., programming languages, frameworks).
* It doesn't highlight any potential benefits or value that the platform brings to users.

To make this project description more informative and engaging, you could add details such as:

* What kind of quizzes can be created on the platform (e.g., trivia, educational, personality tests)?
* What features does it offer to users (e.g., scoring system, analytics, social sharing)?
* How does it compare to existing quiz platforms?
* Who is the target audience for this platform?

A more detailed description would likely earn a higher rating!",39.2,6